variable,min,median,mean,max,std
Problem,Block=1_Prob=10_n=10_nsets=30,,,Block=3_Prob=9_n=10_nsets=30,
OpBlocks,"Vector{T} where T[[1, 2, 3, 4], [5, 6, 7, 8, 9], [10, 11, 12], [13, 14, 15], [16, 17, 18], [19, 20, 21, 22, 23], [24, 25, 26, 27, 28], [29, 30]]",,,"Vector{T} where T[[1, 2, 3, 4, 5], [6, 7, 8], [9, 10, 11, 12], [13, 14, 15, 16, 17], [18, 19, 20], [21, 22, 23, 24], [25, 26, 27], [28, 29, 30]]",
Num_Operators,7,8.0,7.666666666666667,8,0.4794633014853841
fneCRMprod_convex_it,50,102.0,187.66666666666666,1070,211.29948240440112
fneCRMprod_convex_elapsed,0.2526026463,0.36339231078333334,0.3770614655918076,0.7270556568888888,0.10009792912079428
fneCimmino_convex_it,300,1077.0,1550.4,7944,1499.9211381568218
fneCimmino_convex_elapsed,0.8706974273333334,1.5747868415000001,2.1280659151649997,6.275756218000001,1.2541876048508833
